{
  "pair_key": "angry_vs_calm",
  "split": "train",
  "n_layers": 37,
  "best_single_layer": 23,
  "best_single_layer_accuracy": 1.0,
  "best_single_layer_separation": 0.33156561851501465,
  "best_band": {
    "start": 23,
    "end": 26,
    "width": 4,
    "mean_accuracy": 1.0
  },
  "single_layer_metrics": {
    "left_expected_side_rate": 1.0,
    "right_expected_side_rate": 1.0,
    "balanced_accuracy": 1.0,
    "mean_separation": 0.33156559616327286
  },
  "band_metrics": {
    "left_expected_side_rate": 1.0,
    "right_expected_side_rate": 1.0,
    "balanced_accuracy": 1.0,
    "mean_separation": 0.3670481890439987
  },
  "top5_layers_by_accuracy": [
    36,
    23,
    24,
    25,
    26
  ],
  "per_layer_accuracy": [
    0.0,
    0.5,
    0.5,
    0.5,
    0.5,
    0.5,
    0.5,
    0.5,
    0.5,
    0.5,
    0.5,
    0.5,
    0.5,
    0.5,
    0.5,
    0.5,
    0.5,
    0.5,
    0.5,
    0.5,
    0.7333333492279053,
    0.9666666984558105,
    0.9666666984558105,
    1.0,
    1.0,
    1.0,
    1.0,
    1.0,
    1.0,
    1.0,
    1.0,
    1.0,
    0.9666666984558105,
    1.0,
    1.0,
    1.0,
    1.0
  ],
  "per_layer_separation": [
    0.0,
    0.021038562059402466,
    0.030559778213500977,
    0.03132106363773346,
    0.04197608679533005,
    0.038328781723976135,
    0.03913106024265289,
    0.046286441385746,
    0.04819983243942261,
    0.06465017795562744,
    0.09427696466445923,
    0.0995500311255455,
    0.09507809579372406,
    0.12819185853004456,
    0.1341494619846344,
    0.14370864629745483,
    0.15036319196224213,
    0.15505263209342957,
    0.1713724136352539,
    0.18871641159057617,
    0.26516401767730713,
    0.28326335549354553,
    0.3027327358722687,
    0.33156561851501465,
    0.3653864860534668,
    0.37342551350593567,
    0.39781519770622253,
    0.4363273084163666,
    0.4798521101474762,
    0.4941692352294922,
    0.5020381212234497,
    0.48732298612594604,
    0.49477580189704895,
    0.492794394493103,
    0.4419386684894562,
    0.41038525104522705,
    0.5172296166419983
  ]
}