{
  "pair_key": "love_vs_hate",
  "split": "train",
  "n_layers": 37,
  "best_single_layer": 21,
  "best_single_layer_accuracy": 1.0,
  "best_single_layer_separation": 0.2764294445514679,
  "best_band": {
    "start": 30,
    "end": 33,
    "width": 4,
    "mean_accuracy": 1.0
  },
  "single_layer_metrics": {
    "left_expected_side_rate": 1.0,
    "right_expected_side_rate": 1.0,
    "balanced_accuracy": 1.0,
    "mean_separation": 0.2764294221997261
  },
  "band_metrics": {
    "left_expected_side_rate": 1.0,
    "right_expected_side_rate": 1.0,
    "balanced_accuracy": 1.0,
    "mean_separation": 0.449947252869606
  },
  "top5_layers_by_accuracy": [
    36,
    21,
    34,
    33,
    32
  ],
  "per_layer_accuracy": [
    0.0,
    0.5,
    0.5,
    0.5,
    0.5,
    0.5,
    0.699999988079071,
    0.5,
    0.8666666746139526,
    0.5,
    0.5,
    0.5,
    0.5,
    0.5,
    0.6333333253860474,
    0.5,
    0.5,
    0.5,
    0.5,
    0.5,
    0.8666666746139526,
    1.0,
    1.0,
    0.9666666984558105,
    0.9666666984558105,
    0.9333333373069763,
    0.9666666984558105,
    0.9666666984558105,
    0.9666666984558105,
    0.9666666984558105,
    1.0,
    1.0,
    1.0,
    1.0,
    1.0,
    0.9666666984558105,
    1.0
  ],
  "per_layer_separation": [
    0.0,
    0.022035613656044006,
    0.022951364517211914,
    0.025183409452438354,
    0.057184621691703796,
    0.048234082758426666,
    0.04438718780875206,
    0.049846090376377106,
    0.04924922063946724,
    0.06254039704799652,
    0.09179180860519409,
    0.09750840812921524,
    0.10216251015663147,
    0.13045324385166168,
    0.14007174968719482,
    0.13979078829288483,
    0.14645542204380035,
    0.1544438749551773,
    0.16553452610969543,
    0.18666204810142517,
    0.2464311420917511,
    0.2764294445514679,
    0.2861177325248718,
    0.30758973956108093,
    0.3363046646118164,
    0.3561376929283142,
    0.37530016899108887,
    0.40983670949935913,
    0.43771785497665405,
    0.45007410645484924,
    0.4587363004684448,
    0.44202032685279846,
    0.450833261013031,
    0.44819915294647217,
    0.39981722831726074,
    0.36732614040374756,
    0.46574991941452026
  ]
}