{
  "pair_key": "love_vs_hate",
  "split": "train",
  "n_layers": 33,
  "best_single_layer": 10,
  "best_single_layer_accuracy": 1.0,
  "best_single_layer_separation": 0.2805525064468384,
  "best_band": {
    "start": 13,
    "end": 16,
    "width": 4,
    "mean_accuracy": 1.0
  },
  "single_layer_metrics": {
    "left_expected_side_rate": 1.0,
    "right_expected_side_rate": 1.0,
    "balanced_accuracy": 1.0,
    "mean_separation": 0.2805524915456772
  },
  "band_metrics": {
    "left_expected_side_rate": 1.0,
    "right_expected_side_rate": 1.0,
    "balanced_accuracy": 1.0,
    "mean_separation": 0.31819571554660797
  },
  "top5_layers_by_accuracy": [
    25,
    17,
    18,
    19,
    20
  ],
  "per_layer_accuracy": [
    0.0,
    0.5,
    0.5,
    0.5,
    0.5,
    0.8666666746139526,
    0.5333333611488342,
    0.5,
    0.699999988079071,
    0.9666666984558105,
    1.0,
    0.9666666984558105,
    0.9666666984558105,
    1.0,
    1.0,
    1.0,
    1.0,
    1.0,
    1.0,
    1.0,
    1.0,
    1.0,
    1.0,
    1.0,
    1.0,
    1.0,
    1.0,
    1.0,
    1.0,
    1.0,
    1.0,
    1.0,
    1.0
  ],
  "per_layer_separation": [
    0.0,
    0.05369366705417633,
    0.12344585359096527,
    0.13557860255241394,
    0.1378595381975174,
    0.16487281024456024,
    0.19923685491085052,
    0.1606491059064865,
    0.1908246874809265,
    0.23832771182060242,
    0.2805525064468384,
    0.2809950113296509,
    0.2824491262435913,
    0.2791554927825928,
    0.3008124530315399,
    0.3327507972717285,
    0.3600641191005707,
    0.42046740651130676,
    0.46230924129486084,
    0.4745747148990631,
    0.48979824781417847,
    0.5084998607635498,
    0.5198982357978821,
    0.5236680507659912,
    0.5181683897972107,
    0.5594669580459595,
    0.5607653856277466,
    0.5606442093849182,
    0.5610907077789307,
    0.5717573761940002,
    0.5604854822158813,
    0.5642839670181274,
    0.5629175901412964
  ]
}