{
  "pair_key": "love_vs_hate",
  "split": "train",
  "n_layers": 33,
  "best_single_layer": 7,
  "best_single_layer_accuracy": 1.0,
  "best_single_layer_separation": 0.14587783813476562,
  "best_band": {
    "start": 13,
    "end": 16,
    "width": 4,
    "mean_accuracy": 0.9750000238418579
  },
  "single_layer_metrics": {
    "left_expected_side_rate": 1.0,
    "right_expected_side_rate": 1.0,
    "balanced_accuracy": 1.0,
    "mean_separation": 0.14587784186005592
  },
  "band_metrics": {
    "left_expected_side_rate": 0.9333333373069763,
    "right_expected_side_rate": 1.0,
    "balanced_accuracy": 0.9666666686534882,
    "mean_separation": 0.36707650125026703
  },
  "top5_layers_by_accuracy": [
    7,
    16,
    12,
    23,
    22
  ],
  "per_layer_accuracy": [
    0.0,
    0.6333333253860474,
    0.6000000238418579,
    0.5,
    0.5666666626930237,
    0.7666666507720947,
    0.9666666984558105,
    1.0,
    0.6666666865348816,
    0.8333333730697632,
    0.8666666746139526,
    0.9666666984558105,
    0.9666666984558105,
    0.9666666984558105,
    0.9666666984558105,
    0.9666666984558105,
    1.0,
    0.9666666984558105,
    0.9666666984558105,
    0.9666666984558105,
    0.9666666984558105,
    0.9666666984558105,
    0.9666666984558105,
    0.9666666984558105,
    0.9666666984558105,
    0.9666666984558105,
    0.9666666984558105,
    0.9666666984558105,
    0.9666666984558105,
    0.9666666984558105,
    0.9666666984558105,
    0.9666666984558105,
    0.8999999761581421
  ],
  "per_layer_separation": [
    0.0,
    0.05972141772508621,
    0.05781673640012741,
    0.05943683907389641,
    0.0788019448518753,
    0.10412053763866425,
    0.10345751792192459,
    0.14587783813476562,
    0.13878898322582245,
    0.18613186478614807,
    0.2051955759525299,
    0.29543620347976685,
    0.29418647289276123,
    0.3354378640651703,
    0.3501783311367035,
    0.381589412689209,
    0.4011003375053406,
    0.4128955602645874,
    0.45237645506858826,
    0.45422953367233276,
    0.4700285792350769,
    0.46379855275154114,
    0.5090451836585999,
    0.5199994444847107,
    0.5292627811431885,
    0.5394965410232544,
    0.5318564772605896,
    0.5372938513755798,
    0.5345472097396851,
    0.5392842292785645,
    0.544533371925354,
    0.5383127927780151,
    0.0827249065041542
  ]
}