{
  "pair_key": "sad_vs_happy",
  "split": "train",
  "n_layers": 33,
  "best_single_layer": 5,
  "best_single_layer_accuracy": 1.0,
  "best_single_layer_separation": 0.13188141584396362,
  "best_band": {
    "start": 15,
    "end": 18,
    "width": 4,
    "mean_accuracy": 1.0
  },
  "single_layer_metrics": {
    "left_expected_side_rate": 1.0,
    "right_expected_side_rate": 1.0,
    "balanced_accuracy": 1.0,
    "mean_separation": 0.13188143074512482
  },
  "band_metrics": {
    "left_expected_side_rate": 1.0,
    "right_expected_side_rate": 1.0,
    "balanced_accuracy": 1.0,
    "mean_separation": 0.4034719243645668
  },
  "top5_layers_by_accuracy": [
    15,
    29,
    28,
    27,
    26
  ],
  "per_layer_accuracy": [
    0.0,
    0.5,
    0.5666666626930237,
    0.5,
    0.8333333730697632,
    1.0,
    0.9666666984558105,
    1.0,
    0.8999999761581421,
    1.0,
    0.8666666746139526,
    0.9333333373069763,
    0.8666666746139526,
    0.8666666746139526,
    0.800000011920929,
    1.0,
    1.0,
    1.0,
    1.0,
    1.0,
    1.0,
    1.0,
    1.0,
    1.0,
    1.0,
    1.0,
    1.0,
    1.0,
    1.0,
    1.0,
    1.0,
    1.0,
    0.5
  ],
  "per_layer_separation": [
    0.0,
    0.07642127573490143,
    0.08712157607078552,
    0.09188894927501678,
    0.111247219145298,
    0.13188141584396362,
    0.13460031151771545,
    0.18062429130077362,
    0.18065479397773743,
    0.22001653909683228,
    0.2314411997795105,
    0.3067513406276703,
    0.30053001642227173,
    0.3262162208557129,
    0.336029976606369,
    0.37580785155296326,
    0.38933080434799194,
    0.40387672185897827,
    0.44487226009368896,
    0.4601740837097168,
    0.48659786581993103,
    0.4783485233783722,
    0.525912344455719,
    0.5374302268028259,
    0.5517005920410156,
    0.566977858543396,
    0.5607929229736328,
    0.5732337236404419,
    0.5603373646736145,
    0.5629293918609619,
    0.5604406595230103,
    0.5517078042030334,
    0.08320559561252594
  ]
}