{
  "pair_key": "angry_vs_calm",
  "split": "train",
  "n_layers": 33,
  "best_single_layer": 11,
  "best_single_layer_accuracy": 1.0,
  "best_single_layer_separation": 0.33481037616729736,
  "best_band": {
    "start": 11,
    "end": 14,
    "width": 4,
    "mean_accuracy": 1.0
  },
  "single_layer_metrics": {
    "left_expected_side_rate": 1.0,
    "right_expected_side_rate": 1.0,
    "balanced_accuracy": 1.0,
    "mean_separation": 0.33481039106845856
  },
  "band_metrics": {
    "left_expected_side_rate": 1.0,
    "right_expected_side_rate": 1.0,
    "balanced_accuracy": 1.0,
    "mean_separation": 0.3602586090564728
  },
  "top5_layers_by_accuracy": [
    15,
    29,
    28,
    27,
    26
  ],
  "per_layer_accuracy": [
    0.0,
    0.5,
    0.8666666746139526,
    0.8666666746139526,
    0.8666666746139526,
    0.8999999761581421,
    0.8333333730697632,
    0.8333333730697632,
    0.5,
    0.5666666626930237,
    0.699999988079071,
    1.0,
    1.0,
    1.0,
    1.0,
    1.0,
    1.0,
    1.0,
    1.0,
    1.0,
    1.0,
    1.0,
    1.0,
    1.0,
    1.0,
    1.0,
    1.0,
    1.0,
    1.0,
    1.0,
    1.0,
    1.0,
    0.5
  ],
  "per_layer_separation": [
    0.0,
    0.06588804721832275,
    0.06860184669494629,
    0.07168133556842804,
    0.08624593913555145,
    0.102656289935112,
    0.10332152247428894,
    0.1530223935842514,
    0.14596755802631378,
    0.20044046640396118,
    0.2192661464214325,
    0.33481037616729736,
    0.3303360342979431,
    0.3802567720413208,
    0.3956311345100403,
    0.44180917739868164,
    0.47432881593704224,
    0.4967501759529114,
    0.5495731234550476,
    0.5547960996627808,
    0.5669763088226318,
    0.5554358959197998,
    0.5927466154098511,
    0.5955173373222351,
    0.6053701639175415,
    0.6146482229232788,
    0.6099575757980347,
    0.613661527633667,
    0.6042029857635498,
    0.6075769066810608,
    0.6142109036445618,
    0.6101610064506531,
    0.10855452716350555
  ]
}