{
  "pair_key": "fear_vs_confidence",
  "split": "train",
  "n_layers": 33,
  "best_single_layer": 11,
  "best_single_layer_accuracy": 1.0,
  "best_single_layer_separation": 0.3128073811531067,
  "best_band": {
    "start": 11,
    "end": 14,
    "width": 4,
    "mean_accuracy": 1.0
  },
  "single_layer_metrics": {
    "left_expected_side_rate": 1.0,
    "right_expected_side_rate": 1.0,
    "balanced_accuracy": 1.0,
    "mean_separation": 0.3128073960542679
  },
  "band_metrics": {
    "left_expected_side_rate": 1.0,
    "right_expected_side_rate": 1.0,
    "balanced_accuracy": 1.0,
    "mean_separation": 0.34030917286872864
  },
  "top5_layers_by_accuracy": [
    13,
    26,
    25,
    24,
    23
  ],
  "per_layer_accuracy": [
    0.0,
    0.8333333730697632,
    0.8666666746139526,
    0.699999988079071,
    0.5333333611488342,
    0.7333333492279053,
    0.8666666746139526,
    0.9666666984558105,
    0.5666666626930237,
    0.9666666984558105,
    0.9666666984558105,
    1.0,
    1.0,
    1.0,
    1.0,
    1.0,
    1.0,
    1.0,
    1.0,
    1.0,
    1.0,
    1.0,
    1.0,
    1.0,
    1.0,
    1.0,
    1.0,
    1.0,
    1.0,
    1.0,
    1.0,
    1.0,
    0.5
  ],
  "per_layer_separation": [
    0.0,
    0.06322665512561798,
    0.06329184025526047,
    0.06403777748346329,
    0.08725759387016296,
    0.11059676110744476,
    0.1124342530965805,
    0.1535748392343521,
    0.15214581787586212,
    0.19878453016281128,
    0.21773669123649597,
    0.3128073811531067,
    0.3193604648113251,
    0.3572383522987366,
    0.37183046340942383,
    0.418018639087677,
    0.448341965675354,
    0.4656345844268799,
    0.5102155804634094,
    0.5245414972305298,
    0.5451616048812866,
    0.5419783592224121,
    0.5801627039909363,
    0.5892690420150757,
    0.5983831882476807,
    0.6107548475265503,
    0.5990760326385498,
    0.6077218651771545,
    0.6061624884605408,
    0.6182364821434021,
    0.6250721216201782,
    0.62164306640625,
    0.11701202392578125
  ]
}