{
  "pair_key": "anxious_vs_relaxed",
  "split": "train",
  "n_layers": 33,
  "best_single_layer": 6,
  "best_single_layer_accuracy": 1.0,
  "best_single_layer_separation": 0.18503299355506897,
  "best_band": {
    "start": 14,
    "end": 17,
    "width": 4,
    "mean_accuracy": 1.0
  },
  "single_layer_metrics": {
    "left_expected_side_rate": 1.0,
    "right_expected_side_rate": 1.0,
    "balanced_accuracy": 1.0,
    "mean_separation": 0.18503298610448837
  },
  "band_metrics": {
    "left_expected_side_rate": 1.0,
    "right_expected_side_rate": 1.0,
    "balanced_accuracy": 1.0,
    "mean_separation": 0.39064575731754303
  },
  "top5_layers_by_accuracy": [
    25,
    17,
    18,
    19,
    20
  ],
  "per_layer_accuracy": [
    0.0,
    0.5,
    0.8666666746139526,
    0.8666666746139526,
    0.8999999761581421,
    0.8333333730697632,
    1.0,
    0.9333333373069763,
    0.9333333373069763,
    0.9666666984558105,
    0.9666666984558105,
    1.0,
    0.9666666984558105,
    0.9666666984558105,
    1.0,
    1.0,
    1.0,
    1.0,
    1.0,
    1.0,
    1.0,
    1.0,
    1.0,
    1.0,
    1.0,
    1.0,
    1.0,
    1.0,
    1.0,
    1.0,
    1.0,
    1.0,
    1.0
  ],
  "per_layer_separation": [
    0.0,
    0.05421179533004761,
    0.12348201870918274,
    0.13279668986797333,
    0.13079947233200073,
    0.15740996599197388,
    0.18503299355506897,
    0.1547645777463913,
    0.20128437876701355,
    0.22165146470069885,
    0.2729594111442566,
    0.28656578063964844,
    0.297666072845459,
    0.30079275369644165,
    0.3171170949935913,
    0.37479305267333984,
    0.41205894947052,
    0.45861396193504333,
    0.5152087807655334,
    0.5212187170982361,
    0.5358909964561462,
    0.5603679418563843,
    0.5700490474700928,
    0.5783657431602478,
    0.5718734264373779,
    0.5981268882751465,
    0.5966849327087402,
    0.5974833369255066,
    0.593015193939209,
    0.5978611707687378,
    0.5881055593490601,
    0.593572735786438,
    0.5911132097244263
  ]
}