{
  "pair_key": "angry_vs_calm",
  "split": "train",
  "n_layers": 33,
  "best_single_layer": 7,
  "best_single_layer_accuracy": 1.0,
  "best_single_layer_separation": 0.17335394024848938,
  "best_band": {
    "start": 7,
    "end": 10,
    "width": 4,
    "mean_accuracy": 1.0
  },
  "single_layer_metrics": {
    "left_expected_side_rate": 1.0,
    "right_expected_side_rate": 1.0,
    "balanced_accuracy": 1.0,
    "mean_separation": 0.17335396260023117
  },
  "band_metrics": {
    "left_expected_side_rate": 1.0,
    "right_expected_side_rate": 1.0,
    "balanced_accuracy": 1.0,
    "mean_separation": 0.24510030448436737
  },
  "top5_layers_by_accuracy": [
    25,
    17,
    18,
    19,
    20
  ],
  "per_layer_accuracy": [
    0.0,
    0.5,
    0.6000000238418579,
    0.5333333611488342,
    0.5666666626930237,
    0.9666666984558105,
    0.6666666865348816,
    1.0,
    1.0,
    1.0,
    1.0,
    1.0,
    1.0,
    1.0,
    1.0,
    1.0,
    1.0,
    1.0,
    1.0,
    1.0,
    1.0,
    1.0,
    1.0,
    1.0,
    1.0,
    1.0,
    1.0,
    1.0,
    1.0,
    1.0,
    1.0,
    1.0,
    1.0
  ],
  "per_layer_separation": [
    0.0,
    0.04748719930648804,
    0.1372648924589157,
    0.14050798118114471,
    0.14182424545288086,
    0.17877401411533356,
    0.209960475564003,
    0.17335394024848938,
    0.22939935326576233,
    0.26244816184043884,
    0.3151997923851013,
    0.3244876563549042,
    0.3281998336315155,
    0.3193100392818451,
    0.3338237702846527,
    0.38098642230033875,
    0.42211979627609253,
    0.4829854965209961,
    0.5251176357269287,
    0.5370709896087646,
    0.5516300201416016,
    0.5749861001968384,
    0.5872536897659302,
    0.5882473587989807,
    0.5798321962356567,
    0.61463862657547,
    0.6159646511077881,
    0.61465984582901,
    0.6119483709335327,
    0.6209502220153809,
    0.6108667850494385,
    0.6132835149765015,
    0.6212472915649414
  ]
}