{
  "pair_key": "fear_vs_confidence",
  "split": "train",
  "n_layers": 37,
  "best_single_layer": 23,
  "best_single_layer_accuracy": 1.0,
  "best_single_layer_separation": 0.3389609456062317,
  "best_band": {
    "start": 23,
    "end": 26,
    "width": 4,
    "mean_accuracy": 1.0
  },
  "single_layer_metrics": {
    "left_expected_side_rate": 1.0,
    "right_expected_side_rate": 1.0,
    "balanced_accuracy": 1.0,
    "mean_separation": 0.3389609679579735
  },
  "band_metrics": {
    "left_expected_side_rate": 1.0,
    "right_expected_side_rate": 1.0,
    "balanced_accuracy": 1.0,
    "mean_separation": 0.3742114156484604
  },
  "top5_layers_by_accuracy": [
    36,
    35,
    23,
    24,
    25
  ],
  "per_layer_accuracy": [
    0.0,
    0.5,
    0.5,
    0.5,
    0.5,
    0.699999988079071,
    0.5,
    0.5,
    0.6333333253860474,
    0.5,
    0.5,
    0.5,
    0.5,
    0.5,
    0.5,
    0.5,
    0.5,
    0.5,
    0.5,
    0.5,
    0.6000000238418579,
    0.9333333373069763,
    0.9666666984558105,
    1.0,
    1.0,
    1.0,
    1.0,
    1.0,
    1.0,
    0.9666666984558105,
    0.9666666984558105,
    0.9666666984558105,
    0.9333333373069763,
    0.9666666984558105,
    0.9666666984558105,
    1.0,
    1.0
  ],
  "per_layer_separation": [
    0.0,
    0.01938527822494507,
    0.0218917578458786,
    0.029514946043491364,
    0.05334295332431793,
    0.04696451872587204,
    0.04507475718855858,
    0.05532154440879822,
    0.05722567439079285,
    0.07453854382038116,
    0.1042613834142685,
    0.10175341367721558,
    0.10851629078388214,
    0.1491609513759613,
    0.1558290421962738,
    0.15944501757621765,
    0.1624314934015274,
    0.16129536926746368,
    0.1803404539823532,
    0.20144811272621155,
    0.27023079991340637,
    0.2972443103790283,
    0.3092876076698303,
    0.3389609456062317,
    0.36993831396102905,
    0.3796093463897705,
    0.40833720564842224,
    0.45114052295684814,
    0.4961451590061188,
    0.5172451734542847,
    0.5201489925384521,
    0.49764806032180786,
    0.48940426111221313,
    0.48649507761001587,
    0.43189698457717896,
    0.3907676339149475,
    0.502623975276947
  ]
}