{
  "pair_key": "sad_vs_happy",
  "split": "train",
  "n_layers": 33,
  "best_single_layer": 5,
  "best_single_layer_accuracy": 1.0,
  "best_single_layer_separation": 0.20892947912216187,
  "best_band": {
    "start": 7,
    "end": 10,
    "width": 4,
    "mean_accuracy": 1.0
  },
  "single_layer_metrics": {
    "left_expected_side_rate": 1.0,
    "right_expected_side_rate": 1.0,
    "balanced_accuracy": 1.0,
    "mean_separation": 0.20892946422100067
  },
  "band_metrics": {
    "left_expected_side_rate": 1.0,
    "right_expected_side_rate": 1.0,
    "balanced_accuracy": 1.0,
    "mean_separation": 0.21775388717651367
  },
  "top5_layers_by_accuracy": [
    16,
    32,
    31,
    30,
    29
  ],
  "per_layer_accuracy": [
    0.0,
    0.5,
    0.5,
    0.6333333253860474,
    0.6333333253860474,
    1.0,
    0.6666666865348816,
    1.0,
    1.0,
    1.0,
    1.0,
    1.0,
    1.0,
    1.0,
    1.0,
    0.9666666984558105,
    1.0,
    0.9666666984558105,
    1.0,
    1.0,
    1.0,
    1.0,
    1.0,
    1.0,
    1.0,
    1.0,
    1.0,
    1.0,
    1.0,
    1.0,
    1.0,
    1.0,
    1.0
  ],
  "per_layer_separation": [
    0.0,
    0.05786240100860596,
    0.1769162118434906,
    0.1903093159198761,
    0.1746715009212494,
    0.20892947912216187,
    0.22212587296962738,
    0.18086545169353485,
    0.20857545733451843,
    0.2272314429283142,
    0.254343181848526,
    0.24465227127075195,
    0.24714528024196625,
    0.24479880928993225,
    0.2624930441379547,
    0.31985870003700256,
    0.34719038009643555,
    0.4118947386741638,
    0.4651539921760559,
    0.4977084994316101,
    0.5111189484596252,
    0.555262565612793,
    0.5714902877807617,
    0.5824280977249146,
    0.5746814012527466,
    0.594475507736206,
    0.5870136022567749,
    0.5903786420822144,
    0.5901363492012024,
    0.5897161960601807,
    0.5848872661590576,
    0.5894186496734619,
    0.5895206928253174
  ]
}