{
  "pair_key": "anxious_vs_relaxed",
  "split": "train",
  "n_layers": 37,
  "best_single_layer": 26,
  "best_single_layer_accuracy": 1.0,
  "best_single_layer_separation": 0.3762238025665283,
  "best_band": {
    "start": 26,
    "end": 29,
    "width": 4,
    "mean_accuracy": 1.0
  },
  "single_layer_metrics": {
    "left_expected_side_rate": 1.0,
    "right_expected_side_rate": 1.0,
    "balanced_accuracy": 1.0,
    "mean_separation": 0.3762238174676895
  },
  "band_metrics": {
    "left_expected_side_rate": 1.0,
    "right_expected_side_rate": 1.0,
    "balanced_accuracy": 1.0,
    "mean_separation": 0.43049709498882294
  },
  "top5_layers_by_accuracy": [
    36,
    26,
    27,
    28,
    29
  ],
  "per_layer_accuracy": [
    0.0,
    0.5333333611488342,
    0.5,
    0.5,
    0.5,
    0.5,
    0.5,
    0.5,
    0.5,
    0.5,
    0.5,
    0.5,
    0.5,
    0.5,
    0.5,
    0.5,
    0.5,
    0.5,
    0.5,
    0.5,
    0.6000000238418579,
    0.9666666984558105,
    0.9666666984558105,
    0.699999988079071,
    0.8999999761581421,
    0.9666666984558105,
    1.0,
    1.0,
    1.0,
    1.0,
    1.0,
    1.0,
    1.0,
    1.0,
    1.0,
    1.0,
    1.0
  ],
  "per_layer_separation": [
    0.0,
    0.019529908895492554,
    0.02735668420791626,
    0.02880944311618805,
    0.03927057981491089,
    0.03395500406622887,
    0.031756479293107986,
    0.03605147451162338,
    0.03556600585579872,
    0.05039098858833313,
    0.0796654224395752,
    0.0832604467868805,
    0.08631372451782227,
    0.12556281685829163,
    0.13762417435646057,
    0.1456529200077057,
    0.15234734117984772,
    0.15623074769973755,
    0.17578917741775513,
    0.19147510826587677,
    0.260283499956131,
    0.2782188057899475,
    0.28276097774505615,
    0.3113117516040802,
    0.3470264971256256,
    0.34368181228637695,
    0.3762238025665283,
    0.41335856914520264,
    0.4589115381240845,
    0.47349435091018677,
    0.4775422513484955,
    0.45598292350769043,
    0.463842511177063,
    0.460784912109375,
    0.4168180227279663,
    0.3874170780181885,
    0.4759591221809387
  ]
}