{
  "pair_key": "sad_vs_happy",
  "split": "train",
  "n_layers": 37,
  "best_single_layer": 21,
  "best_single_layer_accuracy": 1.0,
  "best_single_layer_separation": 0.2671314477920532,
  "best_band": {
    "start": 21,
    "end": 24,
    "width": 4,
    "mean_accuracy": 1.0
  },
  "single_layer_metrics": {
    "left_expected_side_rate": 1.0,
    "right_expected_side_rate": 1.0,
    "balanced_accuracy": 1.0,
    "mean_separation": 0.2671314477920532
  },
  "band_metrics": {
    "left_expected_side_rate": 1.0,
    "right_expected_side_rate": 1.0,
    "balanced_accuracy": 1.0,
    "mean_separation": 0.2989698201417923
  },
  "top5_layers_by_accuracy": [
    36,
    25,
    24,
    23,
    22
  ],
  "per_layer_accuracy": [
    0.0,
    0.5,
    0.5,
    0.9333333373069763,
    0.5,
    0.9666666984558105,
    0.9666666984558105,
    0.5,
    0.8666666746139526,
    0.8333333730697632,
    0.7333333492279053,
    0.5,
    0.5,
    0.8999999761581421,
    0.5,
    0.5,
    0.5333333611488342,
    0.5,
    0.5,
    0.5,
    0.7333333492279053,
    1.0,
    1.0,
    1.0,
    1.0,
    1.0,
    1.0,
    1.0,
    1.0,
    1.0,
    1.0,
    1.0,
    1.0,
    1.0,
    1.0,
    1.0,
    1.0
  ],
  "per_layer_separation": [
    0.0,
    0.035556137561798096,
    0.04682891070842743,
    0.04899946600198746,
    0.06080694496631622,
    0.05596603453159332,
    0.05472881346940994,
    0.061538949608802795,
    0.06359605491161346,
    0.07613616436719894,
    0.09941329061985016,
    0.09869251400232315,
    0.09695415943861008,
    0.12964235246181488,
    0.1282559484243393,
    0.12074531614780426,
    0.1211681067943573,
    0.12421730905771255,
    0.13586337864398956,
    0.16010233759880066,
    0.23880094289779663,
    0.2671314477920532,
    0.2830297648906708,
    0.31202074885368347,
    0.33369728922843933,
    0.3361000120639801,
    0.3646637499332428,
    0.42574241757392883,
    0.46667057275772095,
    0.4897578954696655,
    0.49201875925064087,
    0.47086572647094727,
    0.4692481756210327,
    0.4671534299850464,
    0.4206142723560333,
    0.39048129320144653,
    0.46478134393692017
  ]
}