{
  "pair_key": "fear_vs_confidence",
  "split": "train",
  "n_layers": 33,
  "best_single_layer": 5,
  "best_single_layer_accuracy": 1.0,
  "best_single_layer_separation": 0.19244618713855743,
  "best_band": {
    "start": 9,
    "end": 12,
    "width": 4,
    "mean_accuracy": 1.0
  },
  "single_layer_metrics": {
    "left_expected_side_rate": 1.0,
    "right_expected_side_rate": 1.0,
    "balanced_accuracy": 1.0,
    "mean_separation": 0.19244617596268654
  },
  "band_metrics": {
    "left_expected_side_rate": 1.0,
    "right_expected_side_rate": 1.0,
    "balanced_accuracy": 1.0,
    "mean_separation": 0.29220446944236755
  },
  "top5_layers_by_accuracy": [
    16,
    32,
    31,
    30,
    29
  ],
  "per_layer_accuracy": [
    0.0,
    0.5,
    0.5333333611488342,
    0.7333333492279053,
    0.7333333492279053,
    1.0,
    0.699999988079071,
    0.7666666507720947,
    0.8666666746139526,
    1.0,
    1.0,
    1.0,
    1.0,
    1.0,
    0.9666666984558105,
    0.9333333373069763,
    1.0,
    0.9666666984558105,
    1.0,
    1.0,
    1.0,
    1.0,
    1.0,
    1.0,
    1.0,
    1.0,
    1.0,
    1.0,
    1.0,
    1.0,
    1.0,
    1.0,
    1.0
  ],
  "per_layer_separation": [
    0.0,
    0.05362403392791748,
    0.14406999945640564,
    0.15041975677013397,
    0.15251922607421875,
    0.19244618713855743,
    0.24099260568618774,
    0.1921083629131317,
    0.2266342043876648,
    0.24973925948143005,
    0.29777783155441284,
    0.3081408739089966,
    0.3131600022315979,
    0.31035929918289185,
    0.32440751791000366,
    0.37108975648880005,
    0.4128273129463196,
    0.46775710582733154,
    0.5195574760437012,
    0.54288649559021,
    0.5611904859542847,
    0.5893021821975708,
    0.6024839878082275,
    0.6124770045280457,
    0.6056971549987793,
    0.6391159296035767,
    0.639912486076355,
    0.639690637588501,
    0.6362303495407104,
    0.6452893614768982,
    0.6379854679107666,
    0.6439710855484009,
    0.6462153196334839
  ]
}