{
  "pair_key": "anxious_vs_relaxed",
  "split": "train",
  "n_layers": 33,
  "best_single_layer": 7,
  "best_single_layer_accuracy": 1.0,
  "best_single_layer_separation": 0.11882708966732025,
  "best_band": {
    "start": 11,
    "end": 14,
    "width": 4,
    "mean_accuracy": 1.0
  },
  "single_layer_metrics": {
    "left_expected_side_rate": 1.0,
    "right_expected_side_rate": 1.0,
    "balanced_accuracy": 1.0,
    "mean_separation": 0.11882709711790085
  },
  "band_metrics": {
    "left_expected_side_rate": 1.0,
    "right_expected_side_rate": 1.0,
    "balanced_accuracy": 1.0,
    "mean_separation": 0.32071787118911743
  },
  "top5_layers_by_accuracy": [
    12,
    24,
    23,
    22,
    21
  ],
  "per_layer_accuracy": [
    0.0,
    0.5,
    0.5,
    0.5,
    0.5,
    0.5,
    0.5,
    1.0,
    0.5,
    0.5333333611488342,
    0.5666666626930237,
    1.0,
    1.0,
    1.0,
    1.0,
    1.0,
    0.9666666984558105,
    1.0,
    1.0,
    1.0,
    1.0,
    1.0,
    1.0,
    1.0,
    1.0,
    1.0,
    1.0,
    1.0,
    1.0,
    1.0,
    1.0,
    1.0,
    0.5
  ],
  "per_layer_separation": [
    0.0,
    0.05645225942134857,
    0.05396266281604767,
    0.05500125139951706,
    0.06846608221530914,
    0.08372785151004791,
    0.08221549540758133,
    0.11882708966732025,
    0.11258017271757126,
    0.16342788934707642,
    0.17763054370880127,
    0.292304128408432,
    0.2962520718574524,
    0.3429620563983917,
    0.35135310888290405,
    0.3978697657585144,
    0.4097437262535095,
    0.42361485958099365,
    0.4827921390533447,
    0.489108145236969,
    0.5068371295928955,
    0.5011115670204163,
    0.5530133247375488,
    0.5501394271850586,
    0.5550289154052734,
    0.563886284828186,
    0.5476272106170654,
    0.5538324117660522,
    0.5451308488845825,
    0.549704372882843,
    0.5525244474411011,
    0.5525785684585571,
    0.09624235332012177
  ]
}